,Disease_UMLS,Disease_CUI,备注（英语）,Symptom,Symptom_CUI,备注,
,acquired immuno-deficiency syndrome,C0001175,,abdomen acute,C0000727,,
171,akromegalie,C0001206,acromegalic,akutes abdomen,C0000727,印尼语,
301,akute pankreatitis,C0001339,acute pancreatitis,distended abdomen,C0000731,,
,adenocarcinoma,C0001418,,pain abdominal,C0000737,,
,adhesion,C0001511,,abdominal schmerzen,C0000737,德语,
140,agranulozytose,C0001824,agranulocytosis,bauch schmerzen,C0000737,？？,
,chronic alcoholic intoxication,C0001973,,aborte spontan,C0000786,？？,
38,"alveolitis , exogen – allergische",C0002390,"alveolitis, exogenous allergic",abort,C0000809,法语,habitueller
39,exogen - allergische alveolitis,C0002390,,azidose,C0001122,,
242,"allergische alveolitis , exogene",C0002390,,respiratorische azidose,C0001127,,
,Alzheimer's disease,C0002395,,granulozytopenie,C0001824,,
116,amyloidose,C0002726,,atemwegsobstruktion nnb,C0001883,,
,anemia,C0002871,,albuminurie,C0001925,,
67,anaemie,C0002871,波兰语,"alkalose , respiratorische",C0002064,,
156,aplastische anaemie,C0002874,aplastic anaemia,alopezie,C0002170,,
257,anaemie aplastisch,C0002874,,ambidexterity,C0002416,,
,sickle cell anemia,C0002895,,amblyopie,C0002418,,
113,sichelzellanaemie,C0002895,sichelzellanaemia,amenorrhoe,C0002453,,
256,sichelzellkrankheit,C0002895,Sickle-cell disease,amnesie,C0002622,,
261,fabry - syndrom,C0002986,Fabry syndrome,amyloidose,C0002726,,
287,infektion mit bacillus anthracis,C0003175,,anaemie,C0002871,,
226,aortenisthmusstenose,C0003492,,haemolytische anaemie,C0002878,,
143,aorteninsuffizienz,C0003504,？？,autoimmunhaemolytische anaemie,C0002880,,
269,aortenklappeninsuffizienz,C0003504,？？,megaloblastaere anaemie,C0002888,,
,stenosis aortic valve,C0003507,,angina pectoris,C0002962,,
268,aorten stenose,C0003507,aortic stenosis,stenokardie,C0002962,,
,aphasia,C0003537,,herzsch merzen,C0002962,德语,
243,broca - aphasie,C0003550,,anorexia,C0003123,,
,arthritis,C0003864,,appetitlosigkeit,C0003123,德语,
174,arthritis,C0003864,,anosmia,C0003126,,
66,"arthritis , rheumatoide",C0003873,,anurie,C0003460,,
84,aszites,C0003962,,angst,C0003467,,
,asthma,C0004096,,aortenaneurysma,C0003486,,
3,vorhofflimmern,C0004238,,aphasie,C0003537,,
,bacteremia,C0004610,,arachnodaktylie,C0003706,,
109,morbus behcet,C0004943,,arrhythmie,C0003811,,
,benign prostatic hypertrophy,C0005001,,arthralgia,C0003862,,
,bipolar disorder,C0005586,,arthritis,C0003864,,
211,commotio cerebri,C0006107,,ascites,C0003962,,
,malignant neoplasm of breast,C0006142,,aszites,C0003962,匈牙利语,
,spasm bronchial,C0006266,,asthenia,C0004093,,
147,bronchiektase,C0006267,,ataxia,C0004134,,
29,bronchiolitis,C0006271,,ataxie,C0004134,德语,
,bronchitis,C0006277,,vorhofflimmern,C0004238,,
160,bronchopneumonie,C0006285,,auskultation,C0004339,,
,malignant neoplasms（恶性肿瘤）,C0006826,,autismus,C0004352,,
,malignant neoplasms,C0006826,,automatismen,C0004377,,
,candidiasis,C0006840,,pain back,C0004604,,
,oralcandidiasis,C0006849,,rueckenschmerzen,C0004604,,
,carcinoma,C0007097,,bartholinitis,C0004769,,
,malignant tumor of colon,C0007102,,harnblase,C0005682,,
175,schilddruesenkarzinom,C0007115,,blastenschub,C0005699,,
291,bronchialkarzinom,C0007121,,Blasenbildung,C0005758,,
178,nierenzellkarzinom,C0007134,,knochenmarkhyperplasie,C0005959,,
278,herzbeuteltamponade,C0007177,,botulismus,C0006057,,
9,dilatative kardiomyopathie,C0007193,,hirnoedem,C0006114,,
7,hypertrophische kardiomyopathie,C0007194,hypertrophic cardiomyopathy,breech presentation,C0006157,,
253,obstruktive kardiomyopathie,C0007194,obstructive cardiomyopathy,bronchospasmus,C0006266,,
8,"kardiomyopathie , restriktive",C0007196,"cardiomyopathy, restrictive",bronchiektasen,C0006267,,
164,katatonie,C0007398,,bronchitis,C0006277,,
48,gluten - sensitive enteropathie,C0007570,,bronchopneumonie,C0006285,,
,cellulitis,C0007642,,bruit,C0006318,,
,transient ischemic attack,C0007787,,heisshunger,C0006370,,
145,transitorische ischaemische attacke,C0007787,,bursitis,C0006444,,
159,varizellen,C0008049,,cachexia,C0006625,,
202,cholangitis,C0008311,,kachexie,C0006625,,
,cholecystitis,C0008325,,calcinosis cutis,C0006664,,
,cholelithiasis,C0008350,,candidose,C0006840,,
72,cholelithiasis,C0008350,,herzbeuteltamponade,C0007177,,
190,cholesteatom,C0008373,,catatonia,C0007398,,
197,chronische bronchitis,C0008677,,katatonia,C0007398,,
,colitis,C0009319,,phlegmone,C0007642,,
298,colitis ulcerosa,C0009324,,zerebellaere ataxie,C0007758,,
,confusion,C0009676,,tia,C0007787,,
,coronary arteriosclerosis,C0010054,,pain neck,C0007859,,
,coronary heart disease,C0010068,,nackenschmerzen,C0007859,,
55,koronare herzkrankheit,C0010068,德语,zervizitis,C0007860,,
62,morbus crohn,C0010346,,cheilitis,C0007971,,
154,cushing - syndrom,C0010481,,pain chest,C0008031,,
102,mukoviszidose,C0010674,,thorax schmerz,C0008031,德语/法语,
213,zystitis,C0010692,,pleuritic pain,C0008033,,
215,taucherkrankheit,C0011119,,choke,C0008301,,
,decubitus ulcer,C0011127,,gallensteine,C0008350,德语,
,deglutition disorder,C0011168,,cholelithiasis,C0008350,,
,dehydration,C0011175,,cholestase,C0008370,,
119,exsikkose,C0011175,？？,cicatrisation,C0008767,,
,delirium,C0011206,,clonus,C0009024,,
110,delir,C0011206,？？,trommelschlegelfinger,C0009080,,
,delusion,C0011253,,kolorektales karzinom,C0009402,,
,depression mental,C0011570,,koma,C0009421,,
83,depression,C0011570,,schnupfen,C0009443,,
,depressive disorder,C0011581,,verwirrtheit,C0009676,德语,
112,dermatomyositis,C0011633,,verwirrung,C0009676,德语,
,diabetes,C0011847,,makroglossie,C0009677,,
95,diabetes insipidus,C0011848,英语,konjunktivitis,C0009763,,
,ketoacidosis diabetic,C0011880,,constipation,C0009806,,
186,diabetische nephropathie,C0011881,diabetic nephropathy,obstipation,C0009806,,
170,diphtherie,C0012546,diphtheria？？,ulcus corneae,C0010043,,
,diverticulitis,C0012813,,cough,C0010200,,
128,divertikulitis,C0012813,diverticulitis,husten,C0010200,德语,
138,down-syndrom,C0013080,英语,chronischer husten,C0010201,,
,paroxysmal dyspnea,C0013405,,cyanosis,C0010520,,
273,ebstein - anomalie,C0013481,,zyanose,C0010520,？？,
132,enzephalitis,C0014038,,zystitis,C0010692,,
,endocarditis,C0014118,,zytopenie,C0010828,,
103,endokarditis,C0014118,,schluckbeschwerden,C0011168,,
263,infektioese endokarditis,C0014121,,dysphagia,C0011168,,
,epilepsy,C0014544,,dehydratation,C0011175,,
,tonic-clonic epilepsy,C0014549,,exsikkose,C0011175,？？,
239,erythrasma,C0014752,,wahn/wahnideen,C0011253,,
294,oesophagusdivertikel,C0014854,,karies,C0011334,,
212,refluxoesophagitis,C0014869,,depersonalisation,C0011551,,
,exanthema,C0015230,,depression,C0011570,,
163,fibromyalgie,C0016053,,depressive verstimmung,C0011570,德语,
296,nahrungsmittelallergie,C0016470,,erythrodermie,C0011606,,
41,gastrinom,C0017150,,dermatitis herpetiformis,C0011608,,
,gastritis,C0017152,,atopisches ekzem,C0011615,,
188,gastritis,C0017152,,kontaktdermatitis,C0011616,,
51,menetrier - krankheit,C0017155,Menetrier disease？？,stauungsekzem,C0011620,,
,gastroenteritis,C0017160,,dermatomyositis,C0011633,,
,gastroesophageal reflux disease,C0017168,,dermatosklerose,C0011644,,
122,gastrooesophageale refluxkrankheit,C0017168,德语,diarrhea,C0011991,,
234,gaucher - krankheit,C0017205,,diarrhoe,C0011991,德语,
136,gilbert syndrom,C0017551,,rachendiphtherie,C0012556,,
,glaucoma,C0017601,,diplopia,C0012569,,
223,glaukom,C0017601,立陶宛语,doppel bildersehen,C0012569,德语,
87,glomerulonephritis,C0017658,,verbra uchskoa gulopathie,C0012739,德语,
255,glukose phosphatasemangel 06,C0017920,,sensibilitaetsstoerungen der haut,C0012766,,
157,gonorrhoe,C0018081,,diuretika,C0012798,,
,gout,C0018099,,dizziness,C0012833,,
59,guillain - barre - syndrom,C0018378,,schwindel,C0012833,德语,
,failure heart,C0018801,,drool,C0013132,,
6,herzinsuf fizienz,C0018801,,drowsiness,C0013144,,
,failure heart congestive,C0018802,,somnolenz,C0013144,德语,schlaefrigkeit
271,vorhofseptumdefekt,C0018817,,dupuytren kontraktur,C0013312,,
272,ventrikelseptumdefekt,C0018818,,dysarthria,C0013362,,
,hemiparesis,C0018989,,dyskinetisches syndrom,C0013384,德语,
114,haemochromatose,C0018995,,dysmenorrhoe,C0013390,,
233,haemophilie a,C0019069,,dyspepsia,C0013395,,
,hemorrhoids,C0019112,,dyspnea,C0013404,,
151,haemorrhoiden,C0019112,,dyspnoe,C0013404,荷兰语/捷克语,atemnot
115,"enzephalopathie , hepatische",C0019151,,dysthymie,C0013415,,
,hepatitis,C0019158,,dysuria,C0013428,,
139,hepatitis,C0019158,,ohrenschmerzen,C0013456,德语,
,hepatitis B,C0019163,,ecchymoses,C0013491,,
107,"hepatitis , alkoholische",C0019187,hepatitis，alcoholic,ekchymosen,C0013491,丹麦语,
306,"hepatitis , chronische",C0019189,,echolalie,C0013528,,
,hepatitis C,C0019196,,ekzem,C0013595,,
127,morbus wilson,C0019202,,oedem,C0013604,,
,primary carcinoma of the liver cells,C0019204,,abmagerung,C0013911,,
,hernia,C0019270,,embolie,C0013922,,
,hernia hiatal,C0019291,,emphysem,C0013990,,
,HIV,C0019682,,enanthem,C0014034,,
,hiv infections,C0019693,,endokarditis,C0014118,,
60,horner - syndrom,C0019937,,enophthalmus,C0014306,,
192,"hydrozephalus , normaldruck",C0020258,,enuresis,C0014394,,
252,hydrops fetalis,C0020305,,eosinophilie,C0014457,,
173,hyperaldosteronismus,C0020428,,epileptischer anfall,C0014544,,
,hyperbilirubinemia,C0020433,,episkleritis,C0014583,,
96,hyperkalzaemie,C0020437,,epistaxis,C0014591,,
,hypercholesterolemia,C0020443,,nasen bluten,C0014591,德语,
,hyperglycemia,C0020456,,aufstossen,C0014724,,
54,hyperkaliaemie,C0020461,,erythema nodosum,C0014743,,
,hyperlipidemia,C0020473,,palmarerythem,C0014745,,
18,hypersplenismus,C0020532,,erythromelalgie,C0014804,,
,hypertensive disease,C0020538,,oesophagitis,C0014868,,
,hypertension pulmonary,C0020542,,reflux-oesophagitis,C0014869,,
80,pulmonale hypertonie,C0020542,,exanthem,C0015230,,
73,hyperthyreose,C0020550,,exanthema subitum,C0015231,,
,hypoglycemia / hypoglycaemia,C0020615,,exophthalmus,C0015300,,
82,hypoglykaemie,C0020615,,ophthalmopathie nnb,C0015397,,
70,hypokaliaemie,C0020621,,fatigue,C0015672,,
88,hypotonie,C0020649,,abgeschlagenheit,C0015672,？？,
111,orthostasesyndrom,C0020651,,muedigkeit,C0015672,德语,
,hypothyroidism,C0020676,,fettleber,C0015695,,
78,hypothyreose,C0020676,,fetale wachstumsretardierung,C0015934,德语,
165,schwartz - bartter - syndrom,C0021141,,fever,C0015967,,hyperthermie
,incontinence,C0021167,,fieber,C0015967,德语,
,infection,C0021311,,fibrose,C0016059,,
97,Pfeiffersches Druesenfieber,C0021345,,analfissur,C0016167,,
,influenza,C0021400,,flankenschmerz,C0016199,,
180,influenza,C0021400,,knickfuss,C0016202,,
304,insulinom,C0021670,,flatulence,C0016204,,
201,intertrigo,C0021807,,flatulenz,C0016204,德语,
300,reizdarm,C0022104,,flatulenz,C0016205,？？,meteorismus / aufstossen
,ischemia,C0022116,,mouches volantes,C0016242,,
86,ikterus,C0022346,,fluor,C0016330,,
,kidney disease,C0022658,,flushing/flush,C0016382,,
,kidney failure acute,C0022660,,gesichtsroe tung,C0016382,德语,
,chronic kidney failure,C0022661,,hitzegefuehl,C0016382,,
75,chronische niereninsuffizienz,C0022661,chronic renal insufficiency,folsaeuremangel,C0016412,,
162,lambert - eaton syndrom,C0022972,,lebensmittelvergiftung,C0016479,,
167,bleivergiftung,C0023176,,pain foot,C0016512,,
4,linksherzinsuffizienz,C0023212,,formication,C0016579,,
31,pneumonie durch legionella,C0023241,,kribbeln,C0016579,,
,fibroid tumor,C0023267,,frakturen,C0016658,,
142,chronische lymphatische leukaemie,C0023434,,"frakturen , pathologische",C0016663,,
258,haarzellleukaemie,C0023443,,trichterbrust,C0016842,,
238,akute lymphatische leukaemie,C0023449,,gag,C0016927,,
209,akute myeloische leukaemie,C0023467,,gastritis,C0017152,,
146,chronische myeloische leukaemie,C0023473,,gastrointestinale blutungen,C0017181,,
52,leukozytopenie,C0023530,,zahnfleischbluten,C0017565,,
43,morbus whipple,C0023788,,gingivitis,C0017574,,
58,leberzirrhose,C0023890,,glomerulonephritis,C0017658,,
307,alkoholische lebererkrankung,C0023896,,zungenbrennen,C0017672,,
,chronic obstructive airway disease,C0024117,,glukosurie,C0017979,,
23,copd,C0024117,,struma,C0018021,,
281,chronisch obstruktive lungenkrankheit,C0024117,chronic obstructive pulmonary disease ,gynaekomastie,C0018418,,
148,systemischer lupus erythematodes,C0024141,,foetor ex ore,C0018520,？？,
221,lymphangitis,C0024225,,mundgeruch,C0018520,？？,
,lymphatic diseases,C0024228,,halluzinationen,C0018524,,
,lymphoma,C0024299,,headache,C0018681,,
130,non-hodgkin - lymphom,C0024305,,kopfschmerzen,C0018681,德语,
45,magnesiummangel,C0024473,,schallleitungsschwerhoerigkeit,C0018777,,
133,malaria,C0024530,,cardiomegaly,C0018800,,
204,karzinoid - syndrom,C0024586,,kardiomegalie,C0018800,德语？,
295,magenkarzinom,C0024623,,herzinsuffizienz,C0018801,,
,manic disorder,C0024713,,herzgeraeusche,C0018808,,
10,paroxysmale naechtliche haemoglobinurie,C0024790,,heartburn,C0018834,,
275,marfan - syndrom,C0024796,,sodbrennen,C0018834,,
244,mastoiditis,C0024904,,Heberden's node,C0018862,,
,melanoma,C0025202,,haemarthros,C0018924,,
129,morbus meniere,C0025281,,haematemesis,C0018926,,
74,meningitis,C0025289,,hematochezia,C0018932,,
,mitral valve insufficiency,C0026266,,haematom,C0018944,,
266,mitralklappeninsuffizienz,C0026266,？？,hematuria,C0018965,,erythrocyturia
267,mitralklappenprolaps,C0026267,,haematurie,C0018965,罗马尼亚,
265,mitralklappenstenose,C0026269,,hemiparese,C0018989,,
185,kawasaki syndrom,C0026691,,hemiplegia,C0018991,,
63,plasmazellmyelom,C0026764,,haemolyse,C0019054,,
69,multiple sklerose,C0026769,,haemoptysis,C0019079,,
65,myasthenia gravis,C0026896,,haemoptoe,C0019079,荷兰语,
283,"mykoplasmeninfektion , nicht naeher bezeichnet",C0026936,,haemorrhage,C0019080,,
,myocardial infarction,C0027051,,blutung,C0019080,,
280,herzinfarkt,C0027051,？？,blutungsneigung,C0019087,,
200,myokarditis,C0027059,,haemorrhagische diathese,C0019087,德语,
37,myxoedem,C0027145,,haemosiderose,C0019114,,
,neoplasm metastasis,C0027627,,hepatitis,C0019158,,
,neoplasm,C0027651,,hepatitis,C0019189,,chronische
312,nephroblastom,C0027708,,hepatomegaly,C0019209,,hepatomegalie
76,nephrotisches syndrom,C0027726,,hepatosplenomegaly,C0019214,,
228,malignes neuroleptisches syndrom,C0027849,,singultus,C0019521,,
,neutropenia,C0027947,,hirsutism,C0019572,,
240,nykturie,C0028734,,hirsutismus,C0019572,捷克语,
,obesity,C0028754,,hoarseness,C0019825,,
,obesity morbid,C0028756,,heiserkeit,C0019825,德语？？,
285,ornithose,C0029291,,hunger,C0020175,,
,degenerative polyarthritis,C0029408,,polyhydramnion,C0020224,,
,osteomyelitis,C0029443,,hydrozephalus,C0020255,,
,osteoporosis,C0029456,,hydropneumothorax,C0020303,,
56,osteoporose,C0029456,,hyperkalzaemie,C0020437,,
210,otitis media,C0029882,,hypercapnia,C0020440,,
155,ovarialkarzinom,C0029925,,hyperkapnie,C0020440,德语,
,pancreatitis,C0030305,,hypercholesterinaemie,C0020443,,
,pancytopenia,C0030312,,hyperaemie,C0020452,,
229,stauungspapille,C0030353,,hyperhidrosis disorder,C0020458,,hyperhidrosis
248,parakeratose,C0030436,,hyperkalemia,C0020461,,
,parkinson disease,C0030567,,hyperkaliaemie,C0020461,,
,ulcer peptic,C0030920,,hyperlipidaemie,C0020473,,
222,"ulkus , gastroduodenal",C0030920,"ulcer, gastroduodenal",hyperlipoproteinaemie,C0020476,,
,effusion pericardial,C0031039,,hypernatriaemie,C0020488,,
191,perikarditis,C0031046,,hypersplenismus,C0020532,,
,personality disorder,C0031212,,hypertonie,C0020538,,
85,phaeochromozytom,C0031511,,pulmonale hypertonie,C0020542,,
135,pityriasis rosea,C0032026,,hypertrichose,C0020555,,
19,pleuraerguss,C0032227,,triglyzeride hoch,C0020557,,
282,pneumokokkeninfektionen,C0032269,,hyperventilation,C0020578,,
,pneumonia,C0032285,,hypesthesia,C0020580,,hypaesthesie
24,pneumonie,C0032285,,hypocalcemia result,C0020598,,
,pneumonia aspiration,C0032290,,hypokalzaemie,C0020598,？？,
,Pneumocystis carinii pneumonia,C0032305,,hypoglykaemie,C0020615,,
,pneumothorax,C0032326,,hypogonadismus,C0020619,,
21,pneumothorax,C0032326,,hypokalemia,C0020621,,
108,polycythaemia,C0032461,,hypokaliaemie,C0020621,,
183,porphyrie,C0032708,,hyponatremia,C0020625,,
46,kaliummangel,C0032827,,hyponatriaemie,C0020625,荷兰语,
123,psoriasis,C0033860,,hypoproteinemia,C0020639,,
,psychotic disorder,C0033975,,hypotension,C0020649,,
,edema pulmonary,C0034063,,hypotonie,C0020649,捷克语,
20,lungen oedem,C0034063,德语,"hypothermia, natural",C0020672,,hypothermie
,embolism pulmonary,C0034065,,hypotrichose,C0020678,,
27,lungen embolie,C0034065,德语,"immunglobuline , leichtketten",C0021038,,
,emphysema pulmonary,C0034067,,inkontinenz,C0021167,,
25,lungen emphysem,C0034067,德语,infertilitaet,C0021359,,
26,lungenfibrose,C0034069,,intestinale pseudoobstruktion,C0021847,,
121,cor pulmonale,C0034072,,iridozyklitis,C0022073,,
17,"mikroangiopathie , thrombotische",C0034155,,iritis,C0022081,,
,pyelonephritis,C0034186,,irritable mood,C0022107,,
134,pyelonephritis,C0034186,,symptom von gereiztheit,C0022107,德语,reizbarkeit
286,q-fieber,C0034362,,ischaemie,C0022116,,
104,Raynaud,C0034734,,ikterus,C0022346,,
100,morbus reiter,C0035012,,cholestatischer ikterus,C0022354,,
,failure kidney,C0035078,,liebeswahn,C0022492,,
117,akutes respiratorisches distress – syndrom,C0035222,,ekzema herpeticatum,C0022504,,
288,respiratorische synzytialvirusinfektionen,C0035235,,keratitis,C0022568,,
231,netzhautabloesung,C0035305,,nierenversagen，akutes,C0022660,,
182,reye syndrom,C0035400,,kyphose,C0022821,,
236,rhabdomyolyse,C0035410,,rundruecken,C0022822,,
264,rheumatisches fieber,C0035436,,larynxoedem,C0023052,,
207,rachitis,C0035579,,laryngitis,C0023067,,
237,roeteln,C0035920,,linksschenkelblock,C0023211,,
292,sarkoidose,C0036202,,linksherzversagen,C0023212,,linksherzinsuffizienz
91,skabies,C0036262,,pain in lower limb,C0023222,,
187,scharlach,C0036285,,lethargy,C0023380,,
,schizophrenia,C0036341,,lethargie,C0023380,,
105,Schizophrenie,C0036341,德语,leukozytose,C0023518,,
,septicemia,C0036690,,leukozytopenie,C0023530,,leukopenie
259,sezary - syndrom,C0036920,,leukoplakie,C0023531,,
101,schock,C0036974,,leberzirrhose,C0023890,,
290,silikose,C0037116,,low back pain,C0024031,,
11,anaemie kugelzell,C0037889,,mass in breast,C0024103,,
152,ulcus ventriculi,C0038358,,lungenabszess nnb,C0024110,,
,accident cerebrovascular,C0038454,,lupusnephritis,C0024143,,
106,subarachnoidalblutung,C0038525,,lymphozytose,C0024282,,
199,subclavian - steal syndrom,C0038531,,lymphozytopenie,C0024312,,
,suicide attempt,C0038663,,malabsorptionssyndrom,C0024523,,
68,synkope,C0039070,,mastoiditis,C0024904,,
158,av knoten - reentry - tachykardie,C0039232,,masern,C0025007,,
,tachycardia sinus,C0039239,,megakolon,C0025160,,
245,tetanie,C0039621,,megaoesophagus,C0025164,,
274,fallot tetralogie,C0039685,,melaena,C0025222,,
195,essentielle thrombozythaemie,C0040028,,teerstuhl,C0025222,德语,
,thrombocytopaenia,C0040034,,meningismus,C0025287,,
149,thyreotoxische krise,C0040127,,meningitis,C0025289,,
90,tonsillitis,C0040425,,meningoenzephalitis,C0025309,,
,tricuspid valve insufficiency,C0040961,,hypermenorrhoe,C0025323,,menorrhagie
277,chagas - krankheit,C0041234,,metrorrhagie,C0025874,,
34,tuberkulose,C0041296,,mikrostomie,C0026034,,
35,"tuberkulose , urogenitale",C0041333,,miosis,C0026205,,
,upper respiratory infection,C0041912,,mitralklappenin suffizienz,C0026266,德语,mitralin suffizienz
77,uraemie,C0041948,,mitralklappenprolaps,C0026267,,
232,urethritis,C0041976,,mgus,C0026470,,
,infection urinary tract,C0042029,,mundatmung,C0026635,,
15,heerfordt - syndrom,C0042171,,kraempfe,C0026821,,
47,vitamin - a-mangel,C0042842,,muskel kraempfe,C0026821,德语,kraempfe
166,von - willebrand - krankheit,C0042974,,muscle hypotonia,C0026827,,
218,Wallenberg Syndrom,C0043019,,spastik,C0026838,,
126,wernicke - enzephalopathie,C0043121,,muskel atrophie,C0026846,,"atrophie , muskel"
40,pertussis,C0043167,,myopathie,C0026848,,
,peripheral vascular disease,C0085096,,mutismus,C0026884,,
16,antiphospholipid-syndrom,C0085278,,mykosen,C0026946,,
172,antiphospholipidsyndrom,C0085278,,mydriasis,C0026961,,
,encephalopathy,C0085584,,myokardinfarkt,C0027051,,
260,akute leukaemie,C0085669,,myokarditis,C0027059,,
42,chronische gastritis,C0085695,,myoclonus,C0027066,,
289,mendelson - syndrom,C0085740,,myoglobinurie,C0027080,,
131,katarakt,C0086543,,myopie,C0027092,,
305,verner - morrison - syndrom,C0086768,,myositis,C0027121,,
249,"morbus still , juvenile form",C0087031,,myxoedem,C0027145,,
,thrombus,C0087086,,nasale obstruktion,C0027429,,
28,akute bronchitis,C0149514,,nausea,C0027497,,
206,akute gastritis,C0149518,,uebelkeit,C0027497,？？芬兰语,
302,chronische pankreatitis,C0149521,,brechreiz,C0027497,德语,
217,urosepsis,C0149801,,nausea and vomiting,C0027498,,
,deep vein thrombosis,C0149871,,nephritis,C0027697,,
,migraine disorders,C0149931,,nephrokalzinose,C0027709,,
144,migraene,C0149931,migraine,nephrotisches syndrom,C0027726,,
276,digitalisintoxikation,C0151595,,nervousness,C0027769,,
176,zerebrale venenthrombose,C0151945,,neutropenie,C0027947,,
193,oesophaguskarzinom,C0152018,,nachtblindheit,C0028077,,
227,harnverhaltung,C0152032,,night sweat,C0028081,,
198,gehirntumor boesartig,C0153633,,nacht schweiss,C0028081,德语,
141,benigner paroxysmaler lagerungsschwindel,C0155502,,nightmare,C0028084,,
98,eisenmangelanaemie,C0162316,,numbness,C0028643,,
308,"leberversagen , akutes",C0162557,,nykturie,C0028734,,
1,"porphyrie , akute intermittierende",C0162565,,nystagmus,C0028738,,
2,porphyria cutanea tarda,C0162566,,obstruktion,C0028778,,
250,williams - beuren - syndrom,C0175702,,oliguria,C0028961,,oligurie
303,"karzinom , neuroendokrines",C0206695,,decreased translucency,C0029053,,
220,klatskintumor,C0206702,,augenmuskellaehmung,C0029089,,
50,acrodermatitis enteropathica,C0221036,,optikusatrophie,C0029124,,
161,syndrom der vorderen spinalarterie,C0221069,,optikusneuritis,C0029134,,
53,cushing - krankheit,C0221406,,osteomyelitis,C0029443,,
153,alpha - 1 proteinase - inhibitormangel,C0221757,,osteoporose,C0029456,,
,affect labile,C0233472,,otitis,C0029877,,
79,akutes abdomen,C0235295,,otitis media,C0029882,,
5,rechtsherzinsuffizienz,C0235527,,mittelohrerguss,C0029883,,
44,zinkmangel,C0235950,,pain,C0030193,,
94,pankreaskarzinom,C0235974,,schmerzen nnb,C0030193,德语,
,biliary calculus,C0242216,,pallor,C0030232,？？,
,malignant neoplasm of lung,C0242379,,blaesse,C0030232,？？,
,systemic infection,C0243026,,palpitation,C0030252,,
246,herxheimer - reaktion,C0259756,,palpitationen,C0030252,瑞典语,
189,spannungspneumothorax,C0264558,,pankarditis,C0030270,,
279,chronische konstriktive perikarditis,C0265144,,pankreasinsuffizienz,C0030293,,
168,zervixkarzinom,C0302592,,panzytopenie,C0030312,,
297,eiweissverlustsyndrom,C0302858,,panic,C0030318,,
61,augenmigraene,C0338481,,stauungspapille,C0030353,,
14,loefgren-syndrom,C0340164,,querschnittslaehmung,C0030486,,
251,loefgren-syndrom,C0340164,,paresis,C0030552,,
89,aortendissektion,C0340643,,parese,C0030552,,
30,pontiac - fieber,C0343528,,paresthesia,C0030554,,
184,fazialisparese,C0376175,,paraesthesie,C0030554,南非荷兰语,
,malignant neoplasm of prostate,C0376358,,parotitis,C0030583,,
230,infantile zerebralparese,C0392549,,paroxysmale vorhoftachykardie,C0030587,,
262,immunthrombozytopenische purpura,C0398650,,perikarderguss,C0031039,,
299,mikroskopische kolitis,C0400821,,perikarditis,C0031046,,
,dependence,C0439857,,parodontitis,C0031099,,
,neuropathy,C0442874,,periphere neuropathie,C0031117,,
179,urolithiasis,C0451641,,peritonitis,C0031154,,
310,rapid - progressives nephritisches syndrom,C0451728,,angina tonsillaris,C0031157,,
,tonic-clonic seizures,C0494475,,petechien,C0031256,,
,dementia,C0497327,,pharyngitis,C0031350,,
181,clostridien - gastroenteritis,C0520764,,pleuraerguss,C0032227,,
177,laehmung des nervus laryngeus recurrens,C0542142,,pleuritis,C0032231,,
,overload fluid,C0546817,,pneumonie,C0032285,,
125,ischialgie,C0549346,,pneumothorax,C0032326,,
254,sphaerozytose,C0553720,,polyneuritis,C0032541,,
219,Tonsillenkarzinom,C0558355,,polyuria,C0032617,,
203,primaer sklerosierende cholangitis,C0566602,,polyurie,C0032617,,
,carcinoma prostate,C0600139,,,C0032739,,
137,prostata karzinom,C0600139,克罗地亚语,posterior rhinorrhea,C0032781,,
,carcinoma breast,C0678222,,schwangerschaft,C0032961,,
,carcinoma of lung,C0684249,,proktitis,C0033246,,
,carcinoma colon,C0699790,,ptosis,C0033377,,
,anxiety state,C0700613,,prostatitis,C0033581,,
196,schlafapnoesyndrom der oberen luftwege,C0751761,,proteinurie,C0033687,,
216,lewy - koerper - demenz,C0752347,,pruritus,C0033774,,
205,myeloproliferative erkrankungen ( ausschl . leukaemien ),C0852437,,pruritus ani,C0033775,,
99,morbus hodgkin,C0852445,,pseudogicht,C0033802,,
92,herpes zoster dermatitis,C0854330,,psoriasis,C0033860,,
32,atypische pneumonie,C0857946,,psychosen,C0033975,,
22,asthma chronisch,C0877430,,lungenoedem,C0034063,,
,cardiomyopathy,C0878544,,lungenemphysem,C0034067,,
13,akute und chronische sarkoidose,C0947845,,lungenfibrose,C0034069,,
241,Osteomyelofibrose,C0948968,,cor pulmonale,C0034072,,
49,"allergie , weizen",C0949570,,lung nodule,C0034079,,
225,spondylarthritis,C0949690,,purpura,C0034150,,
,sepsis (invertebrate),C1090821,,rale,C0034642,,
284,chlamydia pneumoniae - infektion,C1096584,,raynaud,C0034734,,
118,hypertensive kardiomyopathie,C1144799,,hyperacusis,C0034880,,
,respiratory failure,C1145670,,rektumprolaps,C0034888,,
124,respiratorische insuffizienz,C1145670,德语,pupillenreflex,C0034941,,
,pericardial effusion body substance,C1253937,,nierenversagen,C0035078,,
247,"sklerose , progressive systemische",C1258104,,niereninfarkt,C0035085,,
,ileus,C1258215,,respiratorische insuffizienz,C0035229,,
57,ileus,C1258215,,atemwegsinfektion,C0035243,,
12,myelodysplastisches syndrom nicht klassifizierbar,C1268964,,retinoide,C0035339,,
,primary malignant neoplasm（原发恶性肿瘤）,C1306459,,rhabdomyolyse,C0035410,,
71,chronisch venoese insuffizienz,C1306557,,rheologie,C0035423,,
169,leberinsuffizienz,C1306571,,rhinitis,C0035455,,
293,achalasie,C1321756,,rhonchus,C0035508,,
120,primaerer hyperaldosteronismus,C1384514,,rasselger aeusche lunge,C0035508,德语,
,paranoia,C1456784,,sciatica,C0036396,,
,diverticulosis,C1510475,,skoliose,C0036439,,
214,divertikulose,C1510475,马耳他语,skotom,C0036454,,
64,kolorektales karzinom,C1527249,,dermatitis,C0036508,,seborrhoische
150,hirnoedem,C1527311,,seizure,C0036572,,
33,pneumocystis jirovecii - pneumonie,C1535939,,krampfanfaelle,C0036572,德语,krampfanfall
,insufficiency renal,C1565489,,sinnesorgane,C0036665,,
,cirrhosis,C1623038,,serositis,C0036749,,
93,benigne prostatahyperplasie,C1704272,,schock,C0036974,,
235,periphere arterielle verschlusskrankheit,C1704436,,kreislaufschock,C0036974,,
36,atypische mykobakteriose,C1740806,,kardiogener schock,C0036980,,
270,pulmonalstenose,C1956257,,hypersalivation,C0037036,,
194,hepatozellulaeres karzinom,C2239176,,sinusitis,C0037199,,
81,granulomatose mit polyangiitis,C3495801,,sneeze,C0037383,,
224,schilddruesenbedingte orbitopathie,C3495928,,snore,C0037384,,
309,postinfektioese glomerulonephritis,C3805004,,schnarchen,C0037384,德语,
311,renales osteopathiesyndrom,C3805154,,soft tissue swelling,C0037580,,
208,uterine myomatose,C3888977,,spasm,C0037763,,
,,,,sprechstoerung,C0037822,,
,,,,splenomegaly,C0038002,,
,,,,splenomegalie,C0038002,,
,,,,asthmaanfall,C0038218,,
,,,,steatorrhoe,C0038238,,
,,,,ulcus ventriculi,C0038358,,
,,,,stomatitis,C0038362,,
,,,,aphthen,C0038363,马来语,
,,,,stomatitis aphtosa,C0038363,,
,,,,stridor,C0038450,,
,,,,schlaganfall,C0038454,德语,
,,,,apoplektischer insult,C0038454,德语,
,,,,sweat,C0038990,,
,,,,schwitzen,C0038990,德语,
,,,,swelling,C0038999,,
,,,,schwellung,C0038999,德语,
,,,,syncope,C0039070,,
,,,,synkope,C0039070,斯洛伐克,
,,,,syphilis,C0039128,,
,,,,sinustachykardie,C0039239,,
,,,,tendovaginitis,C0039520,,
,,,,tetanus,C0039614,,
,,,,tetanie,C0039621,,
,,,,thrombozytopenie,C0040034,,
,,,,tinea corporis,C0040252,,
,,,,tinnitus,C0040264,,
,,,,ohrgeraeusche,C0040264,？？,
,,,,tonsillitis,C0040425,,
,,,,zahnextraktion,C0040440,,
,,,,tracheobronchitis,C0040586,,
,,,,tremor,C0040822,,
,,,,trikuspidalinsuffizienz,C0040961,,
,,,,trigeminusneuralgie,C0040997,,
,,,,unconscious state,C0041657,,
,,,,bewusstlosigkeit,C0041657,德语,
,,,,underweight,C0041667,,
,,,,erythema,C0041834,,
,,,,roetung,C0041834,德语,
,,,,erytheme,C0041834,德语,
,,,,urethritis,C0041976,,
,,,,pollakisurie,C0042023,,
,,,,harninkontinenz,C0042024,,
,,,,blaseninkontinenz,C0042024,,
,,,,urtikaria,C0042109,,
,,,,uveitis,C0042164,,
,,,,uveitis anterior,C0042165,,
,,,,uveitis posterior,C0042167,,
,,,,varikozele,C0042341,,
,,,,varizen,C0042345,,
,,,,vaskulitis,C0042384,,
,,,,vasokonstriktion,C0042396,,
,,,,kammerflimmern,C0042510,,
,,,,tachykardie ventrikulaer,C0042514,,
,,,,vertigo,C0042571,,
,,,,drehschwindel,C0042571,德语？,
,,,,virilismus,C0042755,,
,,,,vitamin b12-mangel,C0042847,,
,,,,vitamin-k-mangel,C0042880,,
,,,,vomiting,C0042963,,
,,,,erbrechen,C0042963,德语,
,,,,wasting-syndrom,C0043046,,
,,,,weight gain,C0043094,,
,,,,gewichtszunahme,C0043094,德语,
,,,,decreased body weight,C0043096,,
,,,,wheezing,C0043144,,
,,,,giemen,C0043144,？？,
,,,,keuchhusten,C0043167,,
,,,,trauma,C0043251,,
,,,,gastrointestinale fisteln,C0079238,,
,,,,hypochlorhydrie,C0079581,,
,,,,harnverhalt,C0080274,,
,,,,ploetzlicher herztod,C0085298,,
,,,,arthritis,C0085435,,reaktive
,,,,normozytaere anaemie,C0085577,,
,,,,retrobulbaerneuritis,C0085582,,
,,,,enzephalopathie,C0085584,,
,,,,chill,C0085593,,
,,,,schuettelfrost,C0085593,？？,
,,,,polydypsia,C0085602,,
,,,,polydipsie,C0085602,,
,,,,urgency of micturition,C0085606,,
,,,,harndrang,C0085606,？？,
,,,,sinusbradykardie,C0085610,,
,,,,ventrikulaere arrhythmie,C0085612,,
,,,,rechtsschenkelblock,C0085615,,
,,,,vasospasmus,C0085616,,
,,,,orthopnea,C0085619,,
,,,,orthopnoe,C0085619,德语,
,,,,burning sensation,C0085624,,
,,,,brennen,C0085624,德语,
,,,,stupor,C0085628,,
,,,,agitation,C0085631,,
,,,,agitiertheit,C0085631,德语,
,,,,indifferent mood,C0085632,,apathie
,,,,photopsia,C0085635,,
,,,,photophobia,C0085636,,
,,,,lichtempfindlichkeit,C0085636,德语,photophobie/lichtscheu
,,,,fall,C0085639,,
,,,,livedo reticularis,C0085642,,
,,,,pyoderma gangraenosum,C0085652,,
,,,,polymyositis,C0085655,,
,,,,pityriasis alba,C0085657,,
,,,,makrozytose,C0085662,,
,,,,spider naevi,C0085666,,
,,,,monocytosis,C0085702,,
,,,,hypogammaglobulinaemie,C0086438,,
,,,,hypokinesia,C0086439,,
,,,,leberfunktionsstoerung,C0086565,,
,,,,mimische muskulatur,C0086625,,
,,,,uhrglasnaegel,C0149651,,
,,,,food intolerance,C0149696,,
,,,,haematospermie,C0149707,,
,,,,mundulzera,C0149745,,
,,,,orthostasis,C0149746,,
,,,,poor dentition,C0149758,,
,,,,amaurosis fugax,C0149793,,
,,,,migraene,C0149931,,
,,,,feeling hopeless,C0150041,,
,,,,urge incontinence,C0150045,,
,,,,sklerodaktylie,C0150988,,
,,,,neck stiffness,C0151315,,
,,,,nackensteifigkeit,C0151315,德语,
,,,,enteropathische arthritis,C0151435,,
,,,,hautatrophie,C0151514,,
,,,,kreatinin hoch,C0151578,,
,,,,ventrikulaere extrasystolen,C0151636,,
,,,,myokardfibrose,C0151654,,
,,,,lungenblutung,C0151701,,
,,,,bleeding of vagina,C0151706,,
,,,,muskelschwaeche,C0151786,,
,,,,opisthotonus,C0151818,,
,,,,knochenschmerzen,C0151825,,
,,,,augenschmerzen,C0151827,,
,,,,polyserositis,C0151859,,
,,,,qt interval prolonged,C0151878,,
,,,,hyperreflexie,C0151889,,
,,,,trockene haut,C0151908,,
,,,,polyneuropathie,C0152025,,
,,,,urinary hesitation,C0152032,,
,,,,harnleiterkolik,C0152169,,
,,,,thrombophlebitis migrans,C0152250,,
,,,,hydrops der gallenblase,C0152445,,
,,,,striae,C0152459,,
,,,,fettstoffwechselstoerungen,C0154251,,
,,,,otorrhoe,C0155540,,
,,,,mikroangiopathie,C0155765,,
,,,,pfortaderthrombose,C0155773,,
,,,,chronische stauungsleber,C0156195,,
,,,,hodenatrophie,C0156312,,
,,,,abortion,C0156543,,
,,,,chron ulcera haut,C0157738,, ( inkl varikoes )
,,,,kielbrust,C0158731,,
,,,,sputum anomal,C0159054,,
,,,,darmgeraeusche anomal,C0159060,,
,,,,atemstillstand,C0162297,,
,,,,eisenmangelanaemie,C0162316,,
,,,,polyarthritis,C0162323,,
,,,,hyperpigmentierung,C0162834,,
,,,,oesophagusdilatation,C0192389,,
,,,,leberbiopsie,C0193388,,
,,,,ck,C0201973,,
,,,,ldh,C0202113,,
,,,,sedentary,C0205254,,
,,,,thicken,C0205400,,
,,,,interstitielle pneumonie,C0206061,,
,,,,retikulozytose,C0206160,,
,,,,lightheadedness,C0220870,,
,,,,metabolische alkalose,C0220983,,
,,,,mikroangiopathische haemolytische anaemie,C0221021,,
,,,,acrodermatitis enteropathica,C0221036,,
,,,,painful swallowing,C0221150,,
,,,,projectile vomiting,C0221151,,
,,,,paraparesis,C0221166,,
,,,,lesion,C0221198,,
,,,,maculoeses exanthem,C0221201,,
,,,,osteolyse,C0221204,,
,,,,welt,C0221232,,
,,,,schuppen,C0221244,,
,,,,rhagaden,C0221245,,
,,,,onychodystrophie,C0221260,,
,,,,anisozytose,C0221278,,
,,,,poikilozytose,C0221281,,
,,,,nasolabialfalte,C0221328,,
,,,,akrozyanose,C0221347,,
,,,,dolichozephalie,C0221358,,
,,,,aphagia,C0221470,,
,,,,magenschmerzen,C0221512,,
,,,,platysma,C0224176,,
,,,,decompensation,C0231187,,
,,,,malaise,C0231218,,
,,,,krankheitsgefuehl,C0231218,德语,
,,,,asymptomatic,C0231221,,
,,,,fatigability,C0231230,,
,,,,immobile,C0231441,,
,,,,myalgia,C0231528,,myalgie
,,,,muskel schmerzen,C0231528,德语,
,,,,muscle twitch,C0231530,,
,,,,spastischer gang,C0231687,,
,,,,titubation,C0231690,,
,,,,dyspnea on exertion,C0231807,,
,,,,belastungs dyspnoe,C0231807,德语,
,,,,tachypnea,C0231835,,
,,,,tachypnoe,C0231835,德语,
,,,,egophony,C0231872,,
,,,,fremitus,C0231890,,
,,,,naechtlicher husten,C0231912,,
,,,,pulsus paradoxus,C0232118,？,
,,,,kussmaulzeichen positiv,C0232118,？？,
,,,,sinus rhythm,C0232201,,
,,,,systolic murmur,C0232257,,
,,,,pansystolic murmur,C0232258,,
,,,,pericardial friction rub,C0232267,,
,,,,chest tightness,C0232292,,
,,,,inappetenz,C0232462,,
,,,,colic abdominal,C0232488,,
,,,,kolik,C0232488,,
,,,,abdominal tenderness,C0232498,,
,,,,gurgle,C0232517,,
,,,,retch,C0232602,,
,,,,regurgitates after swallowing,C0232605,,
,,,,bowel sounds decreased,C0232695,,
,,,,tenesmus,C0232726,,
,,,,asterixis,C0232766,,
,,,,flattertremor,C0232766,,
,,,,slowing of urinary stream,C0232854,,
,,,,pneumatouria,C0232894,,
,,,,intermenstrual heavy bleeding,C0232943,,
,,,,gravida 0,C0232995,,
,,,,previous pregnancies 2,C0232997,,
,,,,para 1,C0233070,,
,,,,para 2,C0233071,,
,,,,spontaneous rupture of membranes,C0233308,,
,,,,orientierungsstoerung,C0233407,,
,,,,inappropriate affect,C0233467,,
,,,,worry,C0233481,,
,,,,elation,C0233492,,
,,,,bradykinesia,C0233565,,
,,,,flexibilitas cerea,C0233612,,
,,,,neologism,C0233647,,
,,,,beziehungswahn,C0233682,,
,,,,gedankenentzug,C0233686,,
,,,,gedankeneingebung,C0233687,,
,,,,gedankenausbreitung,C0233688,,
,,,,derealisation,C0233754,,
,,,,hallucinations auditory,C0233762,,
,,,,hallucinations visual,C0233763,,
,,,,clumsiness,C0233844,,
,,,,extrapyramidal sign,C0234133,,
,,,,sensory discomfort,C0234215,,
,,,,druckgefuehl,C0234222,,
,,,,sore to touch,C0234233,,
,,,,druckschmerz,C0234233,德语,
,,,,ache,C0234238,,
,,,,rest pain,C0234253,,
,,,,intentionstremor,C0234376,,
,,,,tremor resting,C0234379,,
,,,,sleepy,C0234450,,
,,,,paraphasie,C0234488,,
,,,,speech slurred,C0234518,,
,,,,todd paralysis,C0234544,,
,,,,barking cough,C0234866,,
,,,,erythema anulare,C0234906,,
,,,,dysdiadochokinesia,C0234979,,
,,,,dysdiadochokinese,C0234979,,
,,,,todesangst,C0235106,,
,,,,feeling strange,C0235129,,
,,,,euphorie,C0235146,,
,,,,unable to concentrate,C0235198,,
,,,,pin-point pupils,C0235231,,
,,,,hyperemesis,C0235250,,
,,,,rotes auge,C0235267,,
,,,,hypertonicity,C0235396,,
,,,,bigeminus,C0235477,,
,,,,multiple teleangiektasien,C0235499,,
,,,,rechtsherzinsuffizienz,C0235527,,
,,,,zyanose peripher,C0235532,,
,,,,renal angle tenderness,C0235634,,
,,,,adynamie,C0235704,,
,,,,chest discomfort,C0235710,,
,,,,Beinoedem,C0235886,,
,,,,normochrome anaemie,C0235983,,
,,,,schmerzen hals,C0235999,,schulter
,,,,aura,C0236018,,
,,,,infektanfaelligkeit erhoeht,C0236171,,
,,,,homelessness,C0237154,,
,,,,noisy respiration,C0237304,,
,,,,nierenvenenthrombose,C0238457,,
,,,,left atrial hypertrophy,C0238705,,
,,,,breath sounds decreased,C0238844,,
,,,,consciousness clear,C0239110,,
,,,,hacking cough,C0239133,,
,,,,productive cough,C0239134,,
,,,,husten mit auswurf,C0239134,,
,,,,daktylitis,C0239161,,
,,,,satiety early,C0239233,,
,,,,estrogen use,C0239301,,
,,,,verlaengertes exspirium,C0239324,,
,,,,foetor hepaticus,C0239571,,
,,,,grimassieren,C0239779,,
,,,,numbness of hand,C0239832,,
,,,,mikrohaematurie,C0239937,,
,,,,hypoalbuminemia,C0239981,,
,,,,jugular venous distention,C0240100,,
,,,,loose associations,C0240233,,
,,,,rotierender nystagmus,C0240595,,
,,,,persoenlichkeitsveraenderung,C0240735,,
,,,,plantarerythem,C0240773,,
,,,,prodrome,C0240805,,
,,,,prostate tender,C0240813,,
,,,,scleral icterus,C0240962,,
,,,,pustule,C0241157,,
,,,,scar tissue,C0241158,,
,,,,sputum purulent,C0241235,,
,,,,stool color yellow,C0241252,,
,,,,himbeerzunge,C0241262,,
,,,,unresponsiveness,C0241526,,
,,,,difficulty passing urine,C0241705,,
,,,,hypotonic,C0241938,,
,,,,lungenstauung,C0242073,,
,,,,uncoordination,C0242143,,
,,,,hypoxie,C0242184,,
,,,,furunkel,C0242301,,
,,,,erektile dysfunktion,C0242350,德语,impotenz
,,,,parkinsonismus,C0242422,,
,,,,throat sore,C0242429,,
,,,,rauer hals,C0242429,？？,
,,,,prostatism,C0242453,,
,,,,enthesopathie,C0242490,,
,,,,sepsis,C0243026,,
,,,,hoerstoerungen,C0260662,,hoerstoerung
,,,,no known drug allergies,C0262581,,
,,,,chronische urtikaria,C0263338,,
,,,,osteoarthropathie,C0263661,,
,,,,nasal discharge present,C0264273,,
,,,,mediastinal shift,C0264576,,
,,,,koronarembolie,C0264686,,
,,,,reizleitungsstoerungen,C0264886,,
,,,,aortenektasie,C0265004,,
,,,,klinodaktylie,C0265610,,
,,,,oesophageale dysphagie,C0267072,,
,,,,leberstauung,C0267821,,
,,,,tonic seizures,C0270844,,
,,,,hemianopsia homonymous,C0271202,,
,,,,Stahli's line,C0271276,,
,,,,abduzensparese,C0271355,,
,,,,glukoseintoleranz,C0271650,,
,,,,extreme exhaustion,C0277794,,
,,,,apyrexial,C0277797,,
,,,,intermittierendes fieber,C0277799,,
,,,,charleyhorse,C0277823,,
,,,,retropulsion,C0277845,,
,,,,nasal flaring,C0277873,,
,,,,pulse absent,C0277899,,
,,,,Murphy's sign,C0277977,,
,,,,decreased stool caliber,C0278014,,
,,,,excruciating pain,C0278141,,
,,,,shooting pain,C0278146,,
,,,,analabszess,C0281778,,
,,,,disequilibrium,C0281825,,
,,,,stammfettsucht,C0311277,,
,,,,lameness,C0311395,,
,,,,blackout,C0312422,,
,,,,macule,C0332573,,
,,,,redness,C0332575,,
,,,,cushingoid facies,C0332601,,
,,,,vollmond gesicht,C0332601,德语,
,,,,facies mitralis,C0332610,,
,,,,polychromasie,C0333942,,
,,,,nonsmoker,C0337672,,
,,,,impaired cognition,C0338656,,
,,,,extrasystolen,C0340464,,
,,,,angeborene hypothyreose ohne struma,C0342151,,
,,,,hypermetabolismus,C0342952,,
,,,,vision blurred,C0344232,,
,,,,interkostalneuralgie,C0344306,,
,,,,mood depressed,C0344315,,
,,,,hypometabolism,C0347938,,
,,,,ueberlaufinkontinenz,C0375553,,
,,,,fazialisparese,C0376175,,
,,,,amaurose,C0376288,,
,,,,patient non compliance,C0376405,,
,,,,akathisie,C0392156,,
,,,,clammy skin,C0392162,,
,,,,lipidurie,C0392178,,
,,,,glottiskrampf,C0392315,,
,,,,kraniotabes,C0392452,,
,,,,plattfuss,C0392477,,kongenital
,,,,nephrolithiasis,C0392525,,
,,,,exhaustion,C0392674,,
,,,,shortness of breath,C0392680,,
,,,,unregelmaessiger puls,C0392684,,
,,,,dysesthesia,C0392699,,
,,,,giddy mood,C0392701,,
,,,,thrombophilie,C0398623,,
,,,,rezidivierende durchfaelle,C0401151,？？,
,,,,chronische diarrhoe,C0401151,德语,
,,,,pseudofollikulitis,C0406191,,
,,,,lipodermatosklerose,C0406500,,
,,,,protrusio acetabuli,C0409495,,
,,,,abnormal sensation,C0423571,,
,,,,globusgefuehl des pharynx,C0423600,,
,,,,fremdkoerpergefuehl,C0423602,,
,,,,rambling speech,C0423982,,
,,,,feeling suicidal,C0424000,,
,,,,verbal auditory hallucinations,C0424068,,
,,,,withdraw,C0424092,,
,,,,weepiness,C0424109,,
,,,,motor retardation,C0424230,,
,,,,psychomotorische verlangsamung,C0424230,荷兰语,
,,,,behavior hyperactive,C0424295,,
,,,,hoard,C0424337,,
,,,,absences finding,C0424530,,
,,,,history of - blackout,C0424533,,
,,,,entwicklungsverzoegerung,C0424605,,
,,,,feels hot,C0424749,,feverish
,,,,rigor - temperature-associated observation,C0424790,,
,,,,bedridden,C0425251,,
,,,,gasping for breath,C0425449,,
,,,,rapid shallow breathing,C0425488,,
,,,,catching breath,C0425491,,
,,,,cardiovascular finding,C0425560,,
,,,,menstruation verlaengert,C0425945,,
,,,,rachitischer rosenkranz,C0426824,,
,,,,stiffness,C0427008,,
,,,,facial paresis,C0427055,,
,,,,general unsteadiness,C0427108,,
,,,,monozytopenie,C0427544,,
,,,,rhd positive,C0427629,,
,,,,pleuraexsudat,C0427855,,
,,,,bradycardia,C0428977,,
,,,,bradykardie,C0428977,德语,
,,,,r wave feature,C0429091,,
,,,,superimposition,C0429562,,
,,,,symptom aggravating factors,C0436331,,
,,,,leberenzyme anomal,C0438237,,
,,,,suicidal,C0438696,,
,,,,pressure chest,C0438716,,
,,,,no status change,C0442739,,
,,,,milky,C0443260,,
,,,,homicidal thoughts,C0455204,,
,,,,energy increased,C0455769,,
,,,,large-for-dates fetus,C0456091,,
,,,,sehverlust,C0456909,,
,,,,hilaere lymphadenopathie,C0456973,,
,,,,yellow sputum,C0457096,,
,,,,green sputum,C0457097,,
,,,,behavior showing increased motor activity,C0474395,,
,,,,feces in rectum,C0474505,,
,,,,distress respiratory,C0476273,,
,,,,breath-holding spell,C0476287,,
,,,,sonstige stuhlveraenderungen,C0478120,,
,,,,sonstige hautveraenderungen,C0478124,,
,,,,sonstige miktionsstoerungen,C0478132,,
,,,,sonstige stuerze auf gleicher ebene,C0478875,,
,,,,sekundaerer hyperparathyreoidismus,C0494305,,anderenorts nicht klassifiziert
,,,,sonstiger hoerverlust,C0494562,,
,,,,hepatomegalie,C0495672,,anderenorts nicht klassifiziert
,,,,splenomegalie,C0495673,,anderenorts nicht klassifiziert
,,,,lymphadenopathie,C0497156,,
,,,,lymphknotenvergroesserung,C0497156,德语,
,,,,andere peptische ulzera,C0497194,,
,,,,overweight,C0497406,,
,,,,chronische muedigkeit,C0518656,,
,,,,nekrotisierende enterokolitis,C0520459,,
,,,,mikroembolien der lunge,C0520546,,
,,,,st segment elevation,C0520886,,
,,,,st segment depression,C0520887,,
,,,,t wave inverted,C0520888,,
,,,,coordination abnormal,C0520966,,
,,,,polymyalgia,C0521516,,
,,,,paralyse,C0522224,,
,,,,rolling of eyes,C0522336,,
,,,,kapsulorhexis,C0525027,,
,,,,awakening early,C0541798,,
,,,,dullness,C0541911,,
,,,,gastrin hoch,C0541977,,
,,,,groggy,C0541992,,
,,,,incoherent,C0542044,,
,,,,lip smacking,C0542073,,
,,,,rekurrensparese,C0542142,,
,,,,zittern,C0542247,,
,,,,gesichtsoedem,C0542571,,
,,,,bleisaum,C0544864,,
,,,,hypervolaemie,C0546817,,
,,,,bruechige naegel,C0546956,,
,,,,sehstoerungen,C0547030,,
,,,,perforation,C0549099,,
,,,,abscess bacterial,C0549483,,
,,,,alveolitis,C0549493,,
,,,,labored breathing,C0553668,,
,,,,kalzium hoch,C0553702,,
,,,,endokardfibrose,C0553980,,
,,,,moody,C0554980,,
,,,,alcohol binge episode,C0556346,,
,,,,has religious belief,C0557075,,
,,,,tired,C0557875,,
,,,,verbally abusive behavior,C0558089,,
,,,,transsexual,C0558141,,
,,,,macerated skin,C0558143,,
,,,,wheelchair bound,C0558195,,
,,,,terrify,C0558261,,
,,,,sniffle,C0558361,,
,,,,adverse reaction,C0559546,,
,,,,sakroiliitis,C0574960,,
,,,,gangstoerungen,C0575081,,
,,,,handschwellung,C0575805,,
,,,,poor feeding,C0576456,,
,,,,mass of body structure,C0577559,,
,,,,frothy sputum,C0577979,,
,,,,hemodynamically stable,C0578150,,
,,,,disturbed family,C0578859,,
,,,,heavy legs,C0581911,,
,,,,heavy feeling,C0581912,,
,,,,glykogenolyse,C0596624,,
,,,,hot flush,C0600142,,
,,,,hitzewallung,C0600142,德语,
,,,,low-cardiac-output-syndrom,C0600177,,
,,,,stinging sensation,C0677500,,
,,,,systolic ejection murmur,C0694547,,
,,,,schmerzen im rechten unteren quadranten,C0694551,,
,,,,aspiration,C0700198,,
,,,,hypoxemia,C0700292,,
,,,,sweating increased,C0700590,,
,,,,abnormally hard consistency,C0702118,,
,,,,basophilie,C0702266,,
,,,,intoxication,C0728899,,
,,,,hyperurikaemie,C0740394,,
,,,,air fluid level,C0740844,,
,,,,alcoholic withdrawal symptoms,C0740880,,
,,,,atypia,C0741302,,
,,,,bedridden,C0741453,,
,,,,bilirubin insgesamt hoch,C0741494,,
,,,,debilitation,C0742985,,
,,,,akute dyspnoe,C0743323,,
,,,,emphysematous change,C0743482,,
,,,,ferritin hoch,C0743912,,
,,,,guaiac positive,C0744492,,
,,,,hematocrit decreased,C0744727,,
,,,,heme positive,C0744740,,
,,,,monoclonal,C0746619,,
,,,,side pain,C0748706,,
,,,,hypersomnolence,C0751229,,
,,,,phonophobia,C0751466,,phonophobie
,,,,focal seizures,C0751495,,
,,,,fokale anfaelle,C0751495,德语,
,,,,thrombozytose,C0836924,,
,,,,unhappy,C0847488,,
,,,,out of breath,C0848168,,
,,,,room spinning,C0848277,,
,,,,stuffy nose,C0848340,,
,,,,passed stones,C0848621,,
,,,,non-productive cough,C0850149,,
,,,,trockener husten,C0850149,德语,
,,,,schlafstoerungen,C0851578,,
,,,,hautblutungen,C0852361,,
,,,,paraesthesien und dysaesthesien,C0852415,,
,,,,sprachstoerungen,C0852418,,
,,,,psychiatrische symptome ane,C0852553,,
,,,,alopecia effluvium,C0852968,,
,,,,trockene schleimhaut,C0854113,,
,,,,stoerung der temperaturregulation,C0854171,,
,,,,herpes zoster dermatitis,C0854330,,
,,,,mental status changes,C0856054,,
,,,,dizzy spells,C0857087,,
,,,,schwindelanfaelle,C0857087,德语,
,,,,red blotches,C0857199,,
,,,,unruhe innere,C0857217,,
,,,,unwell,C0857256,,
,,,,hypoxischer stillstand,C0857375,,
,,,,floppy,C0857516,,
,,,,livedo - vaskulitis,C0857794,,
,,,,retikulozytopenie,C0858867,,
,,,,general discomfort,C0858924,,
,,,,moan,C0859032,,
,,,,reizhusten,C0859870,,
,,,,primigravida,C0860096,,
,,,,hyperkeratose,C0870082,,
,,,,frail,C0871754,,
,,,,posturing,C0872410,,
,,,,fear of falling,C0877040,,
,,,,cushingoid habitus,C0878661,,
,,,,adverse effect,C0879626,,
,,,,hypersomnia,C0917799,,
,,,,sleeplessness,C0917801,,
,,,,schlaflosigkeit,C0917801,德语,
,,,,subileus,C0919671,,
,,,,verminderte vigilanz,C0920048,,
,,,,harnsaeure hoch,C0920063,,
,,,,cholezystolithiasis,C0947622,,
,,,,lymphome ane,C0947757,,
,,,,myasthenie,C0947912,,
,,,,bewusstseinsstoerungen ane,C0947927,,
,,,,bronchopulmonale infektion,C0948783,,
,,,,blanch,C0948786,,
,,,,blutungsanaemie,C0948824,,
,,,,meningeosis leucaemica,C0948840,,
,,,,verfolgungswahn,C1096426,,
,,,,leichtes fieber,C1096446,,
,,,,transaminitis,C1096646,,
,,,,kleinschrittiger gang,C1112468,,
,,,,breakthrough pain,C1135120,,
,,,,gammopathie,C1136085,,monoklonale
,,,,ergotherapie,C1141969,,
,,,,myokardabszess,C1142004,,
,,,,sopor,C1142109,,
,,,,brauner urin,C1142277,,
,,,,bizytopenie,C1142446,,
,,,,fecaluria,C1167754,,
,,,,courviosier - zeichen,C1168162,,
,,,,mittlerer venendruck erhoeht,C1168392,,
,,,,pseudomembranoese kolitis,C1257843,,
,,,,ileus,C1258215,,
,,,,snuffle,C1260880,,
,,,,atmung anomal,C1260922,,
,,,,tumor cell invasion,C1269955,,
,,,,unsteady gait,C1273573,,
,,,,abdominal bloating,C1291077,,
,,,,meteorismus,C1291077,？？,
,,,,blaehungen,C1291077,？？,
,,,,gravida 10,C1291692,,
,,,,difficulty,C1299586,,
,,,,presence of q wave,C1305739,,
,,,,atrophie blanche,C1306862,,
,,,,urinoma,C1313921,,
,,,,underweight,C1319518,,
,,,,cardiovascular event,C1320716,,
,,,,achalasia,C1321756,,
,,,,blut im stuhl,C1321898,,
,,,,scratch marks,C1384489,,
,,,,dyspareunia,C1384606,,
,,,,hypakusis,C1384666,,
,,,,tumorkachexie,C1391732,,
,,,,proteinemia,C1405524,,
,,,,throbbing sensation quality,C1444773,,
,,,,claudication,C1456822,,
,,,,vitaminmangel,C1510471,,
,,,,cystic lesion,C1511606,,
,,,,metastatic lesion,C1513183,,
,,,,flare,C1517205,,
,,,,cholesterin hoch,C1522133,,
,,,,dysphonie,C1527344,,
,,,,erythrozytose,C1527405,,
,,,,niereninsuffizienz,C1565489,,
,,,,blaeschen,C1622418,,
,,,,zirrhose,C1623038,,
,,,,zerebrale hypoperfusion,C1695782,,
,,,,paralysen und paresen,C1697844,, ( ausschl . hirnnerven )
,,,,benigne prostatahyperplasie,C1704272,,
,,,,endokrines karzinom,C1704374,,
,,,,cornea verticillata,C1706559,,
,,,,zeitlich - oertliche desorientierung,C1737242,,
,,,,akuter drehschwindel,C1739421,,
,,,,herzfrequenz anomal,C1744601,,
,,,,langsame sprache,C1859270,,
,,,,herzrasen,C1868917,,
,,,,polyglobulie,C1868945,,
,,,,phakektomie,C1956311,,
,,,,asthma cardiale,C1956414,,
,,,,gasbrand,C1963891,,
,,,,erythrozytenzylinder im sediment vorhanden,C1963913,,
,,,,regurgitation,C2004489,,
,,,,bewegungsschmerz,C2363726,,
,,,,unbeabsichtigter gewichtsverlust,C2363736,,
,,,,marisken,C2363872,,
,,,,kopfschmerz unter koerperlicher belastung,C2363911,,
,,,,ulzerationen ane,C2609241,,
,,,,hiv-kardiomyopathie,C2721728,,
,,,,mekoniumileus,C2939175,,
,,,,libidoverlust,C2981158,,
,,,,hypoventilation,C3203358,,
,,,,orthostatische dysregulation,C3203485,,
,,,,anti-transglutaminase - antikoerper,C3203595,,
,,,,retrognathie,C3494422,,
,,,,schwaechegefuehl,C3714552,,
,,,,schwaeche,C3714552,,schwaechegefuehl
,,,,voellegefuehl,C3714614,,
,,,,malabsorption,C3714745,,
,,,,unruhe,C3887611,,
,,,,affektive ambivalenz,C4049320,,
,,,,bulbaerparalyse,C4082299,,